model,scenario,success_rate,p99_latency,stability_score,adaptation_time,predictive_mae,tracking_lag_seconds
LSTM,gradual,0.484,255.17893323544195,0.38266666666666665,,2023.5055514070013,
LinUCB,gradual,0.45466666666666666,255.17893323544195,0.292,,,116.0
Static,gradual,0.4633333333333334,255.17893323544195,0.2966666666666667,,,
LSTM,normal,0.5279444444444444,185.95760813494493,0.036833333333333336,,443.23368816994105,
LinUCB,normal,0.6096111111111111,185.95760813494493,0.0005555555555555556,,,1800.0
Static,normal,0.6342777777777778,185.95760813494493,0.0008333333333333333,,,
LSTM,periodic,0.4062777777777778,235.75787816871258,0.03888888888888889,,1089.8610000936876,
LinUCB,periodic,0.4727222222222222,235.75787816871258,0.0008888888888888889,,,1800.0
Static,periodic,0.4911666666666667,235.75787816871258,0.0008888888888888889,,,
LSTM,spike,0.5886486486486486,243.89741579427996,0.35459459459459464,91.1,1726.5185050397317,
LinUCB,spike,0.6048648648648649,243.89741579427996,0.3540540540540541,89.4,,90.0
Static,spike,0.6086486486486486,243.89741579427996,0.3540540540540541,89.4,,
